{
    "logdir": "./log//training",
    "adjust_lr": 0,
    "device": "cpu",
    "N": 6,
    "length": 1,
    "units": 32,
    "Nep": 50000,
    "standard": 1,
    "Btype": "reccirc",
    "dx": 2,
    "dy": 2,
    "dz": 2,
    "order": 10,
    "sample": 1000,
    "path": "./log//training\\2025_2_4_16_59_24",
    "radius1": 1,
    "radius2": 1,
    "a": 9999,
    "b": 9999,
    "Iz": 1,
    "Ix": 1,
    "Iy": 1,
    "data standard": 1,
    "model_type": "DeepONet",
    "num_mid": 32,
    "order_on": 0,
    "phase_on": 0,
    "rotation_on": 0,
    "mean_Bdata": 1.4512913688802487,
    "std_Bdata": 1.289015728947295,
    "mean_posdata": -0.0002093724156956426,
    "std_posdata": 0.2884463680508101,
    "mean": 1.8227877505605288,
    "std": 1.3964213028454209
}