{
    "logdir": "./log//training",
    "adjust_lr": 0,
    "device": "cpu",
    "N": 6,
    "length": 1,
    "units": 32,
    "Nep": 70000,
    "standard": 1,
    "Btype": "reccirc",
    "dx": 2,
    "dy": 2,
    "dz": 2,
    "order": 10,
    "sample": 1000,
    "path": "./log//training\\2025_2_4_17_29_3",
    "radius1": 1,
    "radius2": 1,
    "a": 2,
    "b": 2,
    "Iz": 1,
    "Ix": 1,
    "Iy": 1,
    "data standard": 1,
    "model_type": "DeepONet",
    "num_mid": 32,
    "order_on": 0,
    "phase_on": 0,
    "rotation_on": 0,
    "mean_Bdata": 3.055546294118489,
    "std_Bdata": 1.6002118904428615,
    "mean_posdata": 1.38834831901683e-05,
    "std_posdata": 0.28915054424809716,
    "mean": 3.3863751010967778,
    "std": 1.1615564012433743
}