{
    "logdir": "./log//training",
    "adjust_lr": 1,
    "device": "cpu",
    "N": 6,
    "length": 1,
    "units": 32,
    "Nep": 50000,
    "standard": 1,
    "Btype": "reccirc",
    "dx": 2,
    "dy": 2,
    "dz": 2,
    "order": 10,
    "sample": 1000,
    "path": "./log//training\\2025_2_4_17_21_26",
    "radius1": 1,
    "radius2": 1,
    "a": 2,
    "b": 2,
    "Iz": 1,
    "Ix": 1,
    "Iy": 1,
    "data standard": 1,
    "model_type": "DeepONet",
    "num_mid": 32,
    "order_on": 0,
    "phase_on": 0,
    "rotation_on": 0,
    "mean_Bdata": 3.0341259040680826,
    "std_Bdata": 1.5904176390025702,
    "mean_posdata": -0.0008120293602071446,
    "std_posdata": 0.2888360244734637,
    "mean": 3.3799908076808016,
    "std": 1.1461768519395177
}