{
    "logdir": "./log//training",
    "adjust_lr": 0,
    "device": "cpu",
    "N": 6,
    "length": 1,
    "units": 32,
    "Nep": 150000,
    "standard": 1,
    "Btype": "reccirc",
    "dx": 2,
    "dy": 2,
    "dz": 2,
    "order": 10,
    "sample": 1000,
    "path": "./log//training\\2025_2_4_17_39_28",
    "radius1": 1,
    "radius2": 1,
    "a": 2,
    "b": 2,
    "Iz": 1,
    "Ix": 1,
    "Iy": 1,
    "data standard": 1,
    "model_type": "DeepONet",
    "num_mid": 32,
    "order_on": 0,
    "phase_on": 0,
    "rotation_on": 0,
    "mean_Bdata": 3.052920684392857,
    "std_Bdata": 1.615982390199406,
    "mean_posdata": 0.0008479992734149958,
    "std_posdata": 0.28857959693188,
    "mean": 3.398217727217346,
    "std": 1.1625179972142057
}