{
    "logdir": "./log//training",
    "adjust_lr": 0,
    "device": "cpu",
    "N": 6,
    "length": 1,
    "units": 32,
    "Nep": 150000,
    "standard": 1,
    "Btype": "reccirc",
    "dx": 2,
    "dy": 2,
    "dz": 2,
    "order": 10,
    "sample": 1000,
    "path": "./log//training\\2025_2_4_18_45_39",
    "radius1": 1,
    "radius2": 1,
    "a": 2,
    "b": 2,
    "Iz": 1,
    "Ix": 1,
    "Iy": 1,
    "data standard": 1,
    "model_type": "DeepONet",
    "num_mid": 32,
    "order_on": 0,
    "phase_on": 1,
    "rotation_on": 0,
    "mean_Bdata": 3.0570949783234407,
    "std_Bdata": 1.5441260434071173,
    "mean_posdata": -0.0003256580999661165,
    "std_posdata": 0.28901961392938913,
    "mean": 3.378896811248342,
    "std": 1.1054012185388409
}