{
    "logdir": "./log//training",
    "adjust_lr": 0,
    "device": "cpu",
    "N": 6,
    "length": 1,
    "units": 32,
    "Nep": 150000,
    "standard": 1,
    "Btype": "reccirc",
    "dx": 2,
    "dy": 2,
    "dz": 2,
    "order": 10,
    "sample": 1000,
    "path": "./log//training\\2025_2_4_18_20_56",
    "radius1": 1,
    "radius2": 1,
    "a": 2,
    "b": 2,
    "Iz": 1,
    "Ix": 1,
    "Iy": 1,
    "data standard": 1,
    "model_type": "DeepONet",
    "num_mid": 32,
    "order_on": 0,
    "phase_on": 1,
    "rotation_on": 0,
    "mean_Bdata": -0.46720782493555885,
    "std_Bdata": 6.667888630248745,
    "mean_posdata": -0.00042330328493870125,
    "std_posdata": 0.2889057291579877,
    "mean": -0.5310145605562072,
    "std": 6.742141585570775
}